{
  ",": {
    "г": "ӻ",
    "Г": "Ӻ",
    "к": "ӄ",
    "К": "Ӄ",
    "л": "ԓ",
    "Л": "Ԓ",
    "н": "ӈ",
    "Н": "Ӈ",
    "х": "ӽ",
    "Х": "Ӽ",
    "ѧ": "ӊ",
    "Ѧ": "Ӊ"
  },
  ".": {
    "г": "ӷ",
    "Г": "Ӷ",
    "ж": "җ",
    "Ж": "Җ",
    "й": "ҋ",
    "Й": "Ҋ",
    "к": "қ",
    "К": "Қ",
    "л": "ԯ",
    "Л": "Ԯ",
    "м": "ӎ",
    "М": "Ӎ",
    "н": "ӊ",
    "Н": "Ӊ",
    "х": "ҳ",
    "Х": "Ҳ",
    "ч": "ҷ",
    "Ч": "Ҷ",
    "і": "ї",
    "І": "Ї"
  },
  "А": {
    "Е": "Ӕ",
    "е": "Ӕ",
    "Э": "Ә",
    "э": "Ә",
    "У": "Ѡ",
    "у": "Ѡ",
    "Ы": "Ѣ",
    "ы": "Ѣ",
    "Ь": "Ꙙ",
    "ь": "Ꙙ",
    "Ꙋ": "Ꙍ",
    "ꙋ": "Ꙍ",
    "Ꙑ": "Ѣ",
    "ꙑ": "Ѣ"
  },
  "а": {
    "е": "ӕ",
    "э": "ә",
    "у": "ѡ",
    "ч": "combining_aigu",
    "ы": "ѣ",
    "ь": "ꙙ",
    "ꙋ": "ꙍ",
    "ꙑ": "ѣ"
  },
  "б": {
    "ч": "combining_slavonic_psili"
  },
  "Г": {
    ",": "Ӻ",
    ".": "Ӷ",
    "Й": "Ғ",
    "й": "Ғ",
    "К": "Ґ",
    "к": "Ґ",
    "Х": "Ҁ",
    "х": "Ҁ",
    "Ј": "Ғ",
    "ј": "Ғ"
  },
  "г": {
    ",": "ӻ",
    ".": "ӷ",
    "й": "ғ",
    "к": "ґ",
    "х": "ҁ",
    "ј": "ғ"
  },
  "Д": {
    "Е": "Ꙉ",
    "е": "Ꙉ",
    "Ж": "Џ",
    "ж": "Џ",
    "З": "Ꙃ",
    "з": "Ꙃ",
    "Й": "Ꙉ",
    "й": "Ꙉ",
    "Ј": "Ꙉ",
    "ј": "Ꙉ",
    "Ѥ": "Ђ",
    "ѥ": "Ђ"
  },
  "д": {
    "е": "ꙉ",
    "ж": "џ",
    "з": "ꙃ",
    "й": "ꙉ",
    "ј": "ꙉ",
    "ѥ": "ђ"
  },
  "е": {
    "ч": "combining_trema"
  },
  "Ж": {
    ".": "Җ"
  },
  "ж": {
    ".": "җ"
  },
  "З": {
    "Ф": "Ҙ",
    "ф": "Ҙ"
  },
  "з": {
    "ф": "ҙ"
  },
  "И": {
    "И": "Ӣ",
    "и": "Ӣ",
    "У": "Ѵ",
    "у": "Ѵ"
  },
  "и": {
    "и": "ӣ",
    "у": "ѵ"
  },
  "Й": {
    ".": "Ҋ"
  },
  "й": {
    ".": "ҋ",
    "ч": "combining_breve"
  },
  "К": {
    ",": "Ӄ",
    ".": "Қ",
    "Г": "Ґ",
    "г": "Ґ",
    "С": "Ѯ",
    "с": "Ѯ",
    "Х": "Ҁ",
    "х": "Ҁ",
    "Ш": "Ѯ",
    "ш": "Ѯ"
  },
  "к": {
    ",": "ӄ",
    ".": "қ",
    "г": "ґ",
    "с": "ѯ",
    "х": "ҁ",
    "ш": "ѯ"
  },
  "Л": {
    ",": "Ԓ",
    ".": "Ԯ",
    "Ь": "Љ",
    "ь": "Љ"
  },
  "л": {
    ",": "ԓ",
    ".": "ԯ",
    "ь": "љ"
  },
  "М": {
    ".": "Ӎ"
  },
  "м": {
    ".": "ӎ"
  },
  "Н": {
    ",": "Ӈ",
    "·": "Ԩ",
    "Ь": "Њ",
    "ь": "Њ"
  },
  "н": {
    ",": "ӈ",
    "·": "ԩ",
    "ч": "combining_titlo",
    "ь": "њ"
  },
  "О": {
    "Т": "Ѿ",
    "т": "Ѿ",
    "У": "Ѹ",
    "у": "Ѹ"
  },
  "о": {
    "т": "ѿ",
    "у": "ѹ",
    "ч": "combining_inverted_breve"
  },
  "П": {
    "С": "Ѱ",
    "с": "Ѱ"
  },
  "п": {
    "с": "ѱ"
  },
  "Т": {
    "Й": "Ћ",
    "й": "Ћ",
    "Ф": "Ѳ",
    "ф": "Ѳ",
    "Ј": "Ћ",
    "ј": "Ћ",
    "С": "Ц",
    "с": "Ц"
  },
  "т": {
    "й": "ћ",
    "ф": "ѳ",
    "ј": "ћ",
    "с": "ц"
  },
  "У": {
    "И": "Ѵ",
    "и": "Ѵ",
    "Й": "Ў",
    "й": "Ў",
    "У": "Ӯ",
    "у": "Ӯ",
    "І": "Ѵ",
    "і": "Ѵ",
    "Ј": "Ў",
    "ј": "Ў"
  },
  "у": {
    "и": "ѵ",
    "й": "ў",
    "у": "ӯ",
    "ч": "combining_pokrytie",
    "і": "ѵ",
    "ј": "ў"
  },
  "Х": {
    ",": "Ӽ",
    ".": "Ҳ"
  },
  "х": {
    ",": "ӽ",
    ".": "ҳ",
    "ч": "combining_slavonic_dasia"
  },
  "Ч": {
    ".": "Ҷ"
  },
  "ч": {
    ".": "ҷ",
    "а": "combining_aigu",
    "б": "combining_slavonic_psili",
    "е": "combining_trema",
    "й": "combining_breve",
    "н": "combining_titlo",
    "о": "combining_inverted_breve",
    "у": "combining_pokrytie",
    "х": "combining_slavonic_dasia",
    "ч": "combining_payerok",
    "ч": "combining_payerok",
    "ъ": "combining_vertical_tilde",
    "ю": "combining_grave",
    "ј": "combining_breve",
    "ѧ": "combining_vzmet"
  },
  "Ш": {
    "Т": "Щ",
    "т": "Щ"
  },
  "ш": {
    "т": "щ"
  },
  "ъ": {
    "ч": "combining_vertical_tilde"
  },
  "Ю": {
    "А": "Ꙗ",
    "а": "Ꙗ",
    "Е": "Ѥ",
    "е": "Ѥ",
    "Э": "Ꙓ",
    "э": "Ꙓ",
    "І": "Ї",
    "і": "Ї",
    "О": "Ё",
    "о": "Ё",
    "М": "Ѭ",
    "м": "Ѭ",
    "Н": "Ѩ",
    "н": "Ѩ",
    "Ь": "Ꙝ",
    "ь": "Ꙝ"
  },
  "ю": {
    "а": "ꙗ",
    "е": "ѥ",
    "э": "ꙓ",
    "і": "ї",
    "о": "ё",
    "м": "ѭ",
    "н": "ѩ",
    "ч": "combining_grave",
    "ь": "ꙝ"
  },
  "І": {
    "\"": "Ї",
    ".": "Ї",
    "У": "Ѵ",
    "у": "Ѵ",
    "І": "Ӣ",
    "і": "Ӣ"
  },
  "і": {
    "\"": "ї",
    ".": "ї",
    "у": "ѵ",
    "і": "ӣ"
  },
  "Ј": {
    "А": "Ꙗ",
    "а": "Ꙗ",
    "Ѣ": "Ꙝ",
    "ѣ": "Ꙝ"
  },
  "ј": {
    "а": "ꙗ",
    "ч": "combining_breve",
    "ѣ": "ꙝ"
  },
  "Ѡ": {
    "Т": "Ѿ",
    "т": "Ѿ"
  },
  "ѡ": {
    "т": "ѿ"
  },
  "ѧ": {
    "ч": "combining_vzmet"
  }
}
