{
  "V": {
    "s": "Š",
    "c": "Č",
    "z": "Ž"
  },
  "\\": {
    "n": "\\n",
    "t": "\\t"
  },
  "n": {
    "g": {
      "~": "n͠g"
    }
  },
  "N": {
    "g": {
      "~": "N͠g"
    },
    "g": "Ŋ",
    "n": "ℕ"
  },
  "g": {
    "~": "g̃",
    "u": "Ğ"
  },
  "A": {
    "a": "Å",
    "e": "Æ",
    "t": "@"
  },
  "a": {
    "E": "Æ"
  },
  "O": {
    "e": "Œ"
  },
  "S": {
    "s": "ẞ"
  },
  "I": {
    "j": "Ĳ"
  },
  "D": {
    "h": "Ð"
  },
  "E": {
    "e": "Ə"
  },
  "Q": {
    "q": "ℚ"
  },
  "R": {
    "r": "ℝ"
  },
  "t": {
    "z": "ꜩ"
  },
  "T": {
    "h": "Þ",
    "z": "Ꜩ"
  },
  "Z": {
    "z": "ℤ"
  }
}
