{
  // latin
  "a": "ā",
  "e": "ē",
  "g": "ḡ",
  "i": "ī",
  "o": "ō",
  "u": "ū",
  "y": "ȳ",
  // extended latin
  "æ": "ǣ",
  "ä": "ǟ",
  "ȧ": "ǡ",
  "è": "ḕ",
  "é": "ḗ",
  "ḷ": "ḹ",
  "ṛ": "ṝ",
  "ö": "ȫ",
  "ȯ": "ȱ",
  "ǫ": "ǭ",
  "õ": "ȭ",
  "ò": "ṑ",
  "ó": "ṓ",
  "ü": "ǖ", // there is also ṻ
  // cyrillic
  "и": "ӣ",
  "у": "ӯ",
  // greek
  "α": "ᾱ",
  "ι": "ῑ",
  "υ": "ῡ",
  // combining characters
  "l": "l\u0304",
  "r": "r\u0304"
}
