{
  // latin
  "a": "á",
  "c": "ć",
  "e": "é",
  "g": "ǵ",
  "i": "í",
  "k": "ḱ",
  "l": "ĺ",
  "m": "ḿ", 
  "n": "ń",
  "o": "ó",
  "p": "ṕ",
  "r": "ŕ",
  "s": "ś",
  "u": "ú",
  "w": "ẃ",
  "y": "ý",
  "z": "ź",
  // extended latin (multiple diacritics)
  "â": "ấ",
  "ă": "ắ",
  "å": "ǻ",
  "æ": "ǽ",
  "ç": "ḉ",
  "ê": "ế",
  "ē": "ḗ",
  "ï": "ḯ",
  "ô": "ố",
  "ơ": "ớ",
  "õ": "ṍ",
  "ō": "ṓ",
  "ø": "ǿ",
  "ṡ": "ṥ",
  "ü": "ǘ",
  "ư": "ứ",
  "ũ": "ṹ",
  // greek
  "α": "ά",
  "ε": "έ",
  "η": "ή",
  "ι": "ί",
  "ο": "ό",
  "υ": "ύ",
  // cyrillic
  "к": "ќ",
  "г": "ѓ",
  // combining character
  "ą": "ą\u0301",
  "j": "j\u0301",
  "у": "у\u0301",
  "е": "е\u0301",
  "а": "а\u0301",
  "о": "о\u0301",
  "и": "и\u0301",
  "ы": "ы\u0301",
  "э": "э\u0301",
  "ю": "ю\u0301",
  "я": "я\u0301"
}
