{
  // latin
  "a": "à",
  "e": "è",
  "i": "ì",
  "n": "ǹ",
  "o": "ò",
  "u": "ù",
  "w": "ẁ",
  "y": "ỳ",
  // extended latin
  "â": "ầ",
  "ă": "ằ",
  "ê": "ề",
  "ē": "ḕ",
  "ơ": "ờ",
  "ô": "ồ",
  "ō": "ṑ",
  "ü": "ǜ",
  "ư": "ừ",
  // greek (technically not a grave, but a varia)
  "α": "ὰ",
  "ε": "ὲ",
  "η": "ὴ",
  "ι": "ὶ",
  "ο": "ὸ",
  "υ": "ὺ",
  "ω": "ὼ",
  // there is more like ἒ, ᾣ, etc
  // cyrillic
  "е": "ѐ",
  "и": "ѝ",
  // combining character
  "ɔ": "ɔ\u0300",
  "s": "s\u0300",
  "ʌ": "ʌ\u0300",
  "z": "z\u0300"
}
