{
  "+": "⨣",
  "≈": "⩯",
  // latin
  "a": "â",
  "c": "ĉ",
  "e": "ê",
  "g": "ĝ",
  "h": "ĥ",
  "i": "î",
  "j": "ĵ",
  "o": "ô",
  "ŝ": "ŝ",
  "u": "û",
  "w": "ŵ",
  "x": "x̂",
  "y": "ŷ",
  "z": "ẑ",
  // extended latin
  "á": "ấ",
  "à": "ầ",
  "ã": "ẫ",
  "ạ": "ậ",
  "ả": "ẩ",
  "é": "ế",
  "è": "ề",
  "ẽ": "ễ",
  "ẹ": "ệ",
  "ẻ": "ể",
  "ó": "ố",
  "ò": "ồ",
  "ơ": "ổ",
  "õ": "ỗ",
  "ọ": "ộ",
  // combining characters
  "а": "а\u0302",
  "е": "е\u0302",
  "и": "и\u0302",
  "о": "о\u0302",
  "у": "у\u0302"
}
