{
  "a": "ȧ",
  "b": "ḃ",
  "c": "ċ",
  "d": "ḋ",
  "e": "ė",
  "f": "ḟ",
  "g": "ġ",
  "h": "ḣ",
  "m": "ṁ",
  "n": "ṅ",
  "o": "ȯ",
  "p": "ṗ",
  "r": "ṙ",
  "s": "ṡ",
  "t": "ṫ",
  "w": "ẇ",
  "x": "ẋ",
  "y": "ẏ",
  "z": "ż",
  // remove dot since i and j already have one
  "i": "ı",
  "j": "ȷ",
  // extended latin
  "ā": "ǡ",
  "ō": "ȱ",
  "ś": "ṥ",
  "ṣ": "ṩ",
  "š": "ṧ",
  "ſ": "ẛ",
  // combining character
  "k": "k\u0307",
  "l": "l\u0307",
  "q": "q\u0307",
  "u": "u\u0307",
  "v": "v\u0307",
  "0": "0\u0307",
  "1": "1\u0307",
  "2": "2\u0307",
  "3": "3\u0307",
  "4": "4\u0307",
  "5": "5\u0307",
  "6": "6\u0307",
  "7": "7\u0307",
  "8": "8\u0307",
  "9": "9\u0307",
  // math
  "∈": "⋵",
  "⨯": "⨰",
  "∧": "⩑",
  "∨": "⩒",
  "≡": "⩧",
  "~": "⩪",
  "⊆": "⫃",
  "⊇": "⫄"
}
