{
  // fun
  "~": "⍨",
  "*": "⍣",
  "∇": "⍢",
  "°": "⍤",
  // latin
  "a": "ä",
  "e": "ë",
  "h": "ḧ",
  "i": "ï",
  "o": "ö",
  "t": "ẗ",
  "u": "ü",
  "w": "ẅ",
  "x": "ẍ",
  "y": "ÿ",
  // extended latin
  "ā": "ǟ",
  "ō": "ȫ",
  "õ": "ṏ",
  "í": "ḯ",
  "ū": "ǖ", // there is also ṻ
  "ú": "ǘ",
  "ù": "ǜ",
  "ǔ": "ǚ",
  // greek
  "ι": "ϊ",
  "υ": "ϋ",
  "ὺ": "ῢ",
  "ύ": "ΰ",
  "ῦ": "ῧ",
  "ϒ": "ϔ",
  // cyrillic
  "а": "ӓ",
  "ә": "ӛ",
  "ж": "ӝ",
  "з": "ӟ",
  "и": "ӥ",
  "о": "ӧ",
  "ө": "ӫ",
  "э": "ӭ",
  "у": "ӱ",
  "ч": "ӵ",
  "ы": "ӹ",
  // combining character
  "c": "c\u0308",
  "j": "j\u0308",
  "k": "k\u0308",
  "l": "l\u0308",
  "m": "m\u0308",
  "n": "n\u0308",
  "s": "s\u0308"
}
