{
  "1": "f1",
  "2": "f2",
  "3": "f3",
  "4": "f4",
  "5": "f5",
  "6": "f6",
  "7": "f7",
  "8": "f8",
  "9": "f9",
  "0": "f10",
  "<": "«",
  ">": "»",
  "{": "‹",
  "}": "›",
  "[": "‘",
  "]": "’",
  "(": "“",
  ")": "”",
  "'": "‚",
  "\"": "„",
  "-": "–",
  "_": "—",
  "^": "¬",
  "%": "‰",
  "=": "≈",
  "u": "µ",
  "a": "æ",
  "o": "œ",
  "*": "°",
  ".": "…",
  ",": "·",
  "!": "¡",
  "?": "¿",
  "|": "¦",
  "§": "¶",
  "†": "‡",
  "×": "∙",
  " ": "nbsp",

  // arrows
  "↖": "⇖",
  "↑": "⇑",
  "↗": "⇗",
  "←": "⇐",
  "→": "⇒",
  "↙": "⇙",
  "↓": "⇓",
  "↘": "⇘",
  "↔": "⇔",
  "↕": "⇕",
  // Currency symbols
  "e": "€",
  "l": "£",
  "r": "₹",
  "y": "¥",
  "c": "¢",
  "p": "₽",
  "b": "₱",
  "h": "₴",
  "z": "₿",
  // avoid showing these twice
  "€": "removed",
  "£": "removed",
  // alternative greek letters
  "π": "ϖ",
  "θ": "ϑ",
  "Θ": "ϴ",
  "ε": "ϵ",
  "β": "ϐ",
  "ρ": "ϱ",
  "σ": "ς",
  "γ": "ɣ",
  "φ": "ϕ",
  "υ": "ϒ",
  "κ": "ϰ",
  // alternative math characters
  "∪": "⋃",
  "∩": "⋂",
  "∃": "∄",
  "∫": "∮",
  "Π": "∏",
  "Σ": "∑",
  "∨": "⋁",
  "∧": "⋀",
  "⊷": "⊶",
  "⊂": "⊆",
  "⊃": "⊇",
  "±": "∓",

  // APL
  "⍺": "⍶",
  "⍵": "⍹",
  "⋄": "⌺",
  "⍝": "⍧",
  "∆": "⍙",
  "∇": "⍢",
  "⊤": "⍡",
  "⎕": "⍞",

  // hebrew niqqud
  "ק": "qamats", // kamatz
  "ר": "hataf_qamats", // reduced kamatz
  "ו": "holam",
  "ם": "rafe",
  "פ": "patah", // patach
  "ש": "sheva",
  "ד": "dagesh", // or mapiq
  "ח": "hiriq",
  "ף": "hataf_patah", // reduced patach
  "ז": "qubuts", // kubuts
  "ס": "segol",
  "ב": "hataf_segol", // reduced segol
  "צ": "tsere",

  // Devanagari symbols
  "ए": "ऍ",
  "े": "ॅ",
  "ऐ": "ऎ",
  "ै": "ॆ",
  "ऋ": "ॠ",
  "ृ": "ॄ",
  "ळ": "ऴ",
  "र": "ऱ",
  "क": "क़",
  "ख": "ख़",
  "ग": "ग़",
  "घ": "ॻ",
  "ढ": "ढ़",
  "न": "ऩ",
  "ड": "ड़",
  "ट": "ॸ",
  "ण": "ॾ",
  "फ": "फ़",
  "ऌ": "ॡ",
  "ॢ": "ॣ",
  "औ": "ॵ",
  "ौ": "ॏ",
  "ओ": "ऒ",
  "ो": "ॊ",
  "च": "ॼ",
  "ज": "ज़",
  "ब": "ॿ",
  "व": "ॺ",
  "य": "य़",
  "अ": "ॲ",
  "आ": "ऑ",
  "ा": "ॉ",
  "झ": "ॹ",
  "ई": "ॴ",
  "ी": "ऻ",
  "इ": "ॳ",
  "ि": "ऺ",
  "उ": "ॶ",
  "ऊ": "ॷ",
  "ु": "ऄ",
  "ष": "क्ष",
  "थ": "त्र",
  "द": "द्र",
  "प": "प्र",
  "श": "श्र",
  "छ": "श्च",
  "ँ": "ऀ",
  "₹": "₨",
  "ॖ": "ॗ",
  "॓": "॔",
  "॰": "ॱ",
  "।": "॥",
  "ं": "ॕ",
  "़": "ॎ",
  "ऽ": "ॽ",

  // Persian numbers
  "۱": "f1",
  "۲": "f2",
  "۳": "f3",
  "۴": "f4",
  "۵": "f5",
  "۶": "f6",
  "۷": "f7",
  "۸": "f8",
  "۹": "f9",
  // Arabic numbers
  "۰": "f10",
  "١": "f1",
  "٢": "f2",
  "٣": "f3",
  "٤": "f4",
  "٥": "f5",
  "٦": "f6",
  "٧": "f7",
  "٨": "f8",
  "٩": "f9",
  "٠": "f10",

  // Cyrillic
  "ꙑ": "ы",
  "ы": "ꙑ",
  "г": "ґ",
  "д": "ҙ",
  "ш": "ѱ",
  "з": "ꙁ",
  "и": "і",
  "і": "и",
  "я": "ꙗ",
  "ꙗ": "я",
  "е": "ѣ",
  "ѡ": "ꙍ",
  "о": "ѻ",
  "а": "ѣ",
  "э": "є",
  "ъ": "ь",
  "ь": "ъ",
  "й": "ј",
  "ј": "й",
  "ꙉ": "ђ",
  "ђ": "ꙉ",
  "ч": "ћ",
  "ћ": "ч",
  "ҁ": "қ",
  "қ": "ҁ",
  "џ": "ҷ",
  "ҷ": "џ",
  "ф": "ѳ",
  "у": "ꙋ",
  "м": "ѫ",
  "н": "ѧ",
  "с": "ѕ",
  "л": "ԯ",
  "ԓ": "ԯ",
  "\ua67d": "combining_cyrillic_titlo", // combining_cyrillic_payerok
  "\u0487": "combining_cyrillic_vzmet", // combining_cyrillic_pokrytie
  "ӈ": "ԩ",
  "х": "һ",

  // Arabic
  ":": "zwnj",
  "ل": "ڵ",
  "\u064F": "ۆ", // combining_dammah
  "\u0650": "ێ", // combining_kasra
  "ر": "ڕ",
  "د": "ذ",
  "ژ": "ظ",
  "ب": "ٮ",
  "ت": "ط",
  "ه": "ھ",
  "ھ": "ه",
  "ث": "پ",
  "ز": "ژ",
  "غ": "گ",
  "ك": "ک",
  "ا": "آ",
  "ي": "ی",
  "ک": "ك",
  "ط": "ظ",
  "ص": "ض",
  "ی": "ي",
  "ق": "غ",
  "ع": "ء",
  "ح": "ہ",
  "ێ": "combining_kasra",
  "ئ": "combining_hamza_above",
  "ؽ": "combining_arabic_inverted_v",
  "ۉ": "combining_arabic_inverted_v",
  "ڡ": "combining_dammah",
  "ة": "combining_fatha",
  "إ": "combining_hamza_below",
  "ۆ": "combining_arabic_v",
  "و": "ڡ",
  "م": "ـ",
  "س": "ص",
  "ش": "ض",
  "ف": "ڤ",
  "ن": "ں",

  // Tamil
  "ய": ":௰",
  "ஒ": ":ௐ",
  "ள": ":௱",
  "ச": ":௲",
  "வ": ":௳"
}
